,ID,anger,anticipation,disgust,fear,joy,love,optimism,pessimism,sadness,surprise,trust
0,2018-Es-00773,False,False,False,False,False,False,False,False,True,False,False
1,2018-Es-03856,True,False,False,False,True,False,False,False,False,False,False
2,2018-Es-01832,False,False,False,False,False,False,False,True,False,False,False
3,2018-Es-05666,False,False,False,True,False,False,False,True,True,False,False
4,2018-Es-04817,False,False,False,True,False,False,False,False,False,False,False
5,2018-Es-03561,False,True,False,True,False,False,True,False,False,False,False
6,2018-Es-02506,True,False,False,False,True,False,False,False,False,False,False
7,2018-Es-00592,False,False,False,True,False,False,True,False,False,False,False
8,2018-Es-06190,True,False,False,True,False,False,False,False,False,False,False
9,2018-Es-02477,False,False,False,False,False,False,False,False,False,False,False
10,2018-Es-05208,False,False,False,False,True,True,False,False,False,False,False
11,2018-Es-03682,False,False,False,False,False,False,False,False,True,False,False
12,2018-Es-02993,False,False,False,False,False,False,False,False,False,False,False
13,2018-Es-04608,False,False,False,False,False,True,False,False,False,False,False
14,2018-Es-04882,True,False,False,False,False,False,False,False,False,False,False
15,2018-Es-00007,False,False,False,False,False,False,False,False,False,False,False
16,2018-Es-01520,False,False,False,False,True,False,False,False,False,False,False
17,2018-Es-01786,False,False,False,False,False,False,False,False,False,False,False
18,2018-Es-00567,False,False,False,False,False,False,False,False,False,False,False
19,2018-Es-02595,True,False,False,False,False,False,False,False,True,False,False
20,2018-Es-02567,True,False,True,False,False,False,False,False,False,False,False
21,2018-Es-06438,False,False,False,False,False,False,False,False,False,False,False
22,2018-Es-02089,False,False,False,False,True,False,False,False,False,False,False
23,2018-Es-06284,False,False,False,False,False,False,False,False,False,False,False
24,2018-Es-01608,False,False,False,False,True,False,False,False,False,False,False
25,2018-Es-02050,False,False,False,False,False,False,False,False,True,False,False
26,2018-Es-05780,False,False,False,False,False,True,False,False,False,False,False
27,2018-Es-03009,False,False,False,False,False,False,False,False,True,False,False
28,2018-Es-04308,False,False,False,False,False,True,False,False,False,False,False
29,2018-Es-06005,True,False,False,False,False,False,False,False,False,False,False
30,2018-Es-04237,False,False,False,False,False,False,False,False,False,False,False
31,2018-Es-02897,True,False,False,False,False,False,False,False,False,False,False
32,2018-Es-00511,False,False,False,False,False,False,False,False,True,False,False
33,2018-Es-02668,False,False,False,False,False,False,False,True,True,False,False
34,2018-Es-00330,False,False,False,False,False,False,False,False,False,False,False
35,2018-Es-02829,False,False,False,False,False,False,False,False,False,False,False
36,2018-Es-04136,True,False,False,False,False,False,False,False,False,False,False
37,2018-Es-04449,False,False,False,False,False,False,True,False,True,False,False
38,2018-Es-01306,True,False,False,False,False,False,False,False,False,False,False
39,2018-Es-06843,False,False,False,False,True,True,False,False,False,False,False
40,2018-Es-06524,True,False,True,False,False,False,False,False,True,False,False
41,2018-Es-04789,False,False,False,False,False,False,False,False,False,False,False
42,2018-Es-06812,False,False,False,False,False,False,False,False,False,False,False
43,2018-Es-02787,False,False,False,False,False,False,False,False,True,False,False
44,2018-Es-03199,False,False,False,False,False,False,False,False,False,False,False
45,2018-Es-00268,True,False,True,False,False,False,False,False,False,False,False
46,2018-Es-00590,False,False,False,False,False,True,False,False,False,False,False
47,2018-Es-06053,False,False,False,True,False,False,False,False,False,False,False
48,2018-Es-00749,False,False,False,False,False,False,False,False,False,False,False
49,2018-Es-05779,True,False,False,False,False,False,False,False,False,False,False
50,2018-Es-04770,False,False,False,True,False,False,False,False,False,False,False
51,2018-Es-02105,False,False,False,False,False,False,False,False,False,False,False
52,2018-Es-01376,False,False,False,False,True,False,False,False,False,False,False
53,2018-Es-04812,False,False,False,False,False,False,False,False,True,False,False
54,2018-Es-02211,False,False,False,False,False,False,False,False,False,False,False
55,2018-Es-04284,False,False,True,False,False,False,False,True,False,False,False
56,2018-Es-01916,True,False,False,False,False,False,False,False,True,False,False
57,2018-Es-00809,False,False,False,False,False,False,False,False,False,False,False
58,2018-Es-05508,False,False,False,False,False,False,False,False,False,False,False
59,2018-Es-04736,False,False,False,False,False,False,False,False,False,False,False
60,2018-Es-03707,False,True,False,False,False,False,False,False,False,False,False
61,2018-Es-06290,False,False,False,False,False,False,False,True,True,False,False
62,2018-Es-00698,False,False,False,False,False,False,False,True,True,False,False
63,2018-Es-04646,False,False,False,False,False,False,False,True,False,False,False
64,2018-Es-03410,False,False,False,False,False,False,False,False,False,False,False
65,2018-Es-00291,False,False,False,True,False,False,False,False,False,False,False
66,2018-Es-06707,False,False,False,False,False,False,False,False,False,False,False
67,2018-Es-06112,False,False,False,False,False,False,False,False,False,False,False
68,2018-Es-06572,False,False,False,True,False,False,False,False,True,False,False
69,2018-Es-00058,False,False,False,True,False,False,False,False,False,False,False
70,2018-Es-02389,True,False,False,False,False,False,False,False,False,False,False
71,2018-Es-02382,True,False,True,False,False,False,False,False,False,False,False
72,2018-Es-01413,False,False,False,False,True,False,False,False,False,False,False
73,2018-Es-03677,False,False,False,False,True,False,False,False,False,False,False
74,2018-Es-06598,True,False,False,False,False,False,False,False,False,False,False
75,2018-Es-04281,False,False,True,False,False,False,False,False,True,False,False
76,2018-Es-02134,False,False,False,True,False,False,False,False,False,False,False
77,2018-Es-00838,False,False,False,False,True,False,False,False,False,False,False
78,2018-Es-00345,True,False,False,False,False,False,False,False,True,False,False
79,2018-Es-02747,False,False,False,False,False,False,False,False,False,False,False
80,2018-Es-03250,False,False,False,False,False,True,False,False,False,False,False
81,2018-Es-02006,False,False,True,False,False,False,False,True,False,False,False
82,2018-Es-03950,False,False,False,True,False,False,False,False,False,False,False
83,2018-Es-06385,False,False,False,False,False,False,False,False,False,False,False
84,2018-Es-06469,True,False,False,False,False,False,False,False,False,False,False
85,2018-Es-01366,True,False,False,False,False,False,False,False,False,False,False
86,2018-Es-02293,False,False,False,False,True,False,False,False,False,False,False
87,2018-Es-04208,False,False,False,False,False,False,False,False,False,True,False
88,2018-Es-01258,False,False,True,False,False,False,False,False,False,False,False
89,2018-Es-03728,True,False,True,False,False,False,False,True,False,False,False
90,2018-Es-06435,False,False,False,True,False,False,False,False,False,False,False
91,2018-Es-00455,False,False,False,False,False,False,False,False,False,False,False
92,2018-Es-01046,True,False,False,False,False,False,False,False,False,False,False
93,2018-Es-00150,False,False,False,False,False,False,False,False,False,True,False
94,2018-Es-04548,False,False,False,False,False,False,True,False,False,False,False
95,2018-Es-02531,False,False,False,True,False,False,False,False,False,False,False
96,2018-Es-01274,False,False,False,False,False,False,False,False,False,False,False
97,2018-Es-04515,True,False,False,False,False,False,False,False,False,False,False
98,2018-Es-01419,False,False,False,False,False,False,False,False,False,False,False
99,2018-Es-04079,False,False,False,True,False,False,False,False,False,False,False
100,2018-Es-02541,True,False,False,False,False,False,False,False,False,False,False
101,2018-Es-02905,False,False,False,False,True,False,False,False,False,False,False
102,2018-Es-06052,False,False,False,False,False,False,False,False,False,False,False
103,2018-Es-04048,False,False,False,False,False,False,False,False,True,False,False
104,2018-Es-06241,False,False,False,True,False,False,False,True,False,False,False
105,2018-Es-01681,False,False,False,False,True,False,False,False,False,False,False
106,2018-Es-04482,False,False,False,False,True,False,False,False,False,True,False
107,2018-Es-00498,False,False,False,False,False,False,False,False,True,False,False
108,2018-Es-04392,False,False,False,False,True,False,False,False,False,False,False
109,2018-Es-00792,False,False,False,False,True,False,False,False,False,False,False
110,2018-Es-02401,False,False,False,True,False,False,False,False,False,False,False
111,2018-Es-02390,False,False,False,False,True,False,False,False,False,False,False
112,2018-Es-00412,False,True,False,False,True,False,False,False,False,False,False
113,2018-Es-05001,True,False,False,False,False,False,False,False,False,False,False
114,2018-Es-05066,False,False,False,False,False,False,False,False,False,False,False
115,2018-Es-00475,False,False,False,True,True,False,False,False,False,False,False
116,2018-Es-00354,True,False,False,False,True,False,False,False,False,False,False
117,2018-Es-05403,False,False,False,True,False,False,False,False,False,False,False
118,2018-Es-01374,True,False,True,False,False,False,False,False,False,False,False
119,2018-Es-01561,False,False,False,False,True,False,False,False,False,False,False
120,2018-Es-03675,False,False,False,False,True,False,False,False,False,False,False
121,2018-Es-05175,False,False,False,False,False,False,False,True,True,False,False
122,2018-Es-01650,False,False,False,False,False,False,False,False,False,False,False
123,2018-Es-06460,False,False,False,False,False,False,False,False,True,False,False
124,2018-Es-06328,False,False,False,False,False,False,True,False,False,False,False
125,2018-Es-00162,False,False,False,True,False,False,False,False,False,False,False
126,2018-Es-06349,False,False,False,False,True,False,False,False,True,False,False
127,2018-Es-04481,False,False,False,False,False,False,False,False,True,False,False
128,2018-Es-01004,True,False,False,False,False,False,False,False,False,False,False
129,2018-Es-05903,False,False,False,False,False,False,False,False,True,False,False
130,2018-Es-04360,True,False,False,False,False,False,False,False,False,False,False
131,2018-Es-02549,False,False,False,False,False,False,False,False,False,False,False
132,2018-Es-06146,False,False,False,False,False,False,False,False,True,False,False
133,2018-Es-01810,False,False,False,False,True,False,False,False,False,False,False
134,2018-Es-01172,True,False,False,False,False,False,False,False,False,False,False
135,2018-Es-00401,False,False,False,False,True,False,False,True,False,False,False
136,2018-Es-01599,False,False,False,False,False,False,False,False,False,False,False
137,2018-Es-02463,False,False,False,False,False,False,False,False,False,False,False
138,2018-Es-03497,False,False,False,False,True,False,False,False,False,False,True
139,2018-Es-04734,False,False,False,False,False,False,False,False,True,False,False
140,2018-Es-06629,False,False,False,False,False,False,False,False,False,False,False
141,2018-Es-05016,False,False,False,False,False,False,False,False,False,False,False
142,2018-Es-06768,False,False,False,False,False,False,False,False,False,False,False
143,2018-Es-01800,True,False,False,False,False,False,False,False,False,False,False
144,2018-Es-06850,False,False,False,False,False,False,False,False,False,False,False
145,2018-Es-05043,False,False,False,False,False,False,False,False,False,True,False
146,2018-Es-04747,True,False,False,False,False,False,False,False,False,False,False
147,2018-Es-04168,True,False,False,False,True,False,False,False,False,False,False
148,2018-Es-03123,False,False,False,False,True,False,False,False,False,False,False
149,2018-Es-06306,True,False,False,False,False,False,False,False,False,False,False
150,2018-Es-05385,False,False,False,False,True,False,False,False,False,False,False
151,2018-Es-01333,False,False,False,False,True,False,False,False,False,False,False
152,2018-Es-06073,False,False,False,False,False,False,False,False,False,False,False
153,2018-Es-03341,False,False,False,False,False,False,False,False,False,False,False
154,2018-Es-00942,False,False,False,False,False,False,False,False,False,False,False
155,2018-Es-00997,True,False,False,False,False,False,False,False,False,False,False
156,2018-Es-00061,True,False,False,False,False,False,False,False,False,False,False
157,2018-Es-02626,False,False,False,False,True,False,True,False,False,False,False
158,2018-Es-03654,False,False,False,False,True,False,False,False,False,False,False
159,2018-Es-03348,True,False,False,False,False,False,False,False,False,False,False
160,2018-Es-04713,False,False,False,False,True,False,False,False,False,False,False
161,2018-Es-02175,False,False,False,False,False,False,False,False,False,False,False
162,2018-Es-00899,False,False,False,False,True,True,False,False,False,False,False
163,2018-Es-01206,False,False,False,False,False,False,False,False,True,False,False
164,2018-Es-03882,False,False,False,False,False,False,False,False,False,False,False
165,2018-Es-05384,False,False,True,False,False,False,True,False,False,False,False
166,2018-Es-01378,False,False,False,False,False,False,False,False,False,False,False
167,2018-Es-05144,False,False,False,True,False,False,False,False,False,False,False
168,2018-Es-00360,False,False,False,False,False,False,False,False,False,False,False
169,2018-Es-02738,False,False,False,False,False,False,False,False,False,False,False
170,2018-Es-02851,True,False,False,False,False,False,False,False,False,False,False
171,2018-Es-00988,False,False,False,False,False,False,False,False,False,False,False
172,2018-Es-00237,False,False,False,False,True,False,False,False,False,False,False
173,2018-Es-04805,False,False,False,False,False,False,False,False,False,False,False
174,2018-Es-05739,False,False,False,False,False,False,False,False,False,False,False
175,2018-Es-02264,False,False,False,False,True,False,False,False,False,False,False
176,2018-Es-01963,False,False,False,False,True,False,False,False,False,False,False
177,2018-Es-03409,False,False,False,False,False,False,False,False,False,False,False
178,2018-Es-02679,False,False,False,False,True,False,False,False,True,False,False
179,2018-Es-01248,False,False,False,False,True,False,False,False,False,False,False
180,2018-Es-01778,True,False,False,False,False,False,False,False,True,False,False
181,2018-Es-01235,False,False,False,True,False,False,False,False,False,False,False
182,2018-Es-04058,True,False,True,False,False,False,False,False,False,False,False
183,2018-Es-05710,False,False,False,False,True,False,False,False,True,False,False
184,2018-Es-05945,False,False,False,False,False,False,False,False,False,False,False
185,2018-Es-06708,False,False,False,False,False,False,False,False,False,False,False
186,2018-Es-01679,False,False,False,True,False,False,False,False,False,False,False
187,2018-Es-06747,True,False,False,False,False,False,False,False,False,False,False
188,2018-Es-03397,False,False,False,False,False,False,False,False,False,False,False
189,2018-Es-05515,False,False,False,False,True,False,False,False,False,False,False
190,2018-Es-03746,False,False,False,False,False,False,False,False,False,False,False
191,2018-Es-04050,False,True,False,False,False,False,False,False,False,False,False
192,2018-Es-04879,True,False,False,False,True,False,False,False,False,False,False
193,2018-Es-00283,True,False,False,False,False,False,False,False,False,False,False
194,2018-Es-05720,False,False,False,False,True,False,False,False,False,False,False
195,2018-Es-02991,False,True,False,False,True,False,False,False,False,False,False
196,2018-Es-02711,True,False,False,False,False,True,False,False,False,False,False
197,2018-Es-02168,True,False,False,False,False,False,False,False,False,False,False
198,2018-Es-01792,True,False,True,False,False,False,False,False,False,False,False
199,2018-Es-02448,False,False,False,False,False,False,False,True,True,False,False
200,2018-Es-03777,False,False,False,False,False,False,False,True,False,False,False
201,2018-Es-00695,True,False,False,False,False,False,False,False,False,False,False
202,2018-Es-06272,False,False,True,False,False,False,False,True,False,False,False
203,2018-Es-03540,False,False,False,True,False,False,False,False,False,False,False
204,2018-Es-05299,False,False,False,False,False,False,False,False,False,False,False
205,2018-Es-02300,False,False,False,False,False,False,False,False,False,False,False
206,2018-Es-06520,True,False,False,False,False,False,False,False,True,False,False
207,2018-Es-06130,False,False,False,True,False,False,False,False,False,False,False
208,2018-Es-04634,False,False,False,False,True,False,False,False,False,False,False
209,2018-Es-04622,False,False,False,False,True,True,False,False,False,False,False
210,2018-Es-04187,False,False,False,False,True,False,False,False,False,False,False
211,2018-Es-00659,False,False,False,False,False,False,False,False,True,False,False
212,2018-Es-00896,False,False,False,False,False,False,False,False,True,False,False
213,2018-Es-03740,False,False,False,False,True,False,False,False,False,False,False
214,2018-Es-02907,True,False,False,False,False,False,False,False,True,False,False
215,2018-Es-02128,False,False,False,True,False,False,False,False,False,False,False
216,2018-Es-01556,False,False,False,False,False,False,False,True,False,False,False
217,2018-Es-01705,False,False,False,False,False,False,False,True,True,False,False
218,2018-Es-05770,False,False,False,False,False,False,False,False,True,False,False
219,2018-Es-05568,False,False,False,False,False,False,False,False,False,False,False
220,2018-Es-04763,False,False,False,False,True,False,False,False,False,False,False
221,2018-Es-04663,False,False,False,False,False,False,False,True,False,False,False
222,2018-Es-02237,False,False,False,False,True,False,False,False,False,False,False
223,2018-Es-03879,False,False,False,False,True,False,False,False,False,False,False
224,2018-Es-05242,True,False,True,False,False,False,False,False,True,False,False
225,2018-Es-06293,True,False,False,False,False,True,False,False,False,False,False
226,2018-Es-02879,False,False,False,False,False,False,False,False,True,False,False
227,2018-Es-05466,False,False,False,False,False,False,False,False,False,False,False
228,2018-Es-05684,False,False,False,False,False,False,False,True,True,False,False
229,2018-Es-01674,False,False,False,False,True,False,False,False,True,False,False
230,2018-Es-06425,False,False,False,False,False,False,False,False,False,False,False
231,2018-Es-04767,True,False,False,False,False,False,False,False,True,False,False
232,2018-Es-01901,False,False,False,True,False,False,False,False,False,False,False
233,2018-Es-00516,False,False,False,False,True,False,False,False,False,False,False
234,2018-Es-03553,False,False,False,False,True,False,False,False,False,False,False
235,2018-Es-03679,False,False,False,False,False,False,False,False,True,False,False
236,2018-Es-05136,False,False,False,False,False,False,False,False,False,False,False
237,2018-Es-00178,False,False,False,False,True,False,False,True,False,False,False
238,2018-Es-06619,False,False,False,False,False,False,False,True,False,False,False
239,2018-Es-06031,False,False,False,False,False,False,False,False,True,False,False
240,2018-Es-06235,True,False,False,False,False,False,False,False,False,False,False
241,2018-Es-03546,False,False,False,False,False,False,False,False,False,False,False
242,2018-Es-00318,False,False,False,False,False,False,False,True,False,False,False
243,2018-Es-05350,False,False,False,False,True,False,False,False,False,False,False
244,2018-Es-04205,False,False,False,False,False,False,False,False,False,False,False
245,2018-Es-04218,False,False,False,False,False,False,False,False,False,False,False
246,2018-Es-03037,False,False,False,True,False,False,False,False,False,False,False
247,2018-Es-05538,True,False,True,False,False,False,False,False,True,False,False
248,2018-Es-02782,False,False,False,False,False,False,False,False,False,False,False
249,2018-Es-03661,False,False,False,False,False,False,False,False,False,False,False
250,2018-Es-06449,True,False,False,False,False,False,False,False,False,False,False
251,2018-Es-01351,False,False,False,False,False,False,False,False,True,False,False
252,2018-Es-05823,False,False,False,False,True,False,False,False,False,False,False
253,2018-Es-03119,False,False,False,True,True,False,False,False,False,False,False
254,2018-Es-06645,False,False,False,False,True,True,False,False,False,False,False
255,2018-Es-02698,True,False,False,True,False,False,False,False,False,False,False
256,2018-Es-02639,True,False,False,False,False,False,False,False,False,False,False
257,2018-Es-01321,False,False,False,False,False,False,False,False,False,False,False
258,2018-Es-00708,False,False,False,False,True,False,False,False,False,False,False
259,2018-Es-04065,True,False,False,False,False,False,False,False,False,False,False
260,2018-Es-01106,False,False,False,False,True,False,False,False,False,False,False
261,2018-Es-00350,True,False,False,False,False,False,False,False,True,False,False
262,2018-Es-05418,False,False,False,False,False,False,False,False,False,False,False
263,2018-Es-05671,False,False,False,False,True,False,False,False,True,False,False
264,2018-Es-05495,True,False,False,False,False,False,False,False,False,False,False
265,2018-Es-03490,True,False,False,False,False,False,False,False,False,False,False
266,2018-Es-06156,True,False,False,False,False,False,False,False,False,False,False
267,2018-Es-00226,False,False,False,False,True,False,False,False,False,False,False
268,2018-Es-00243,False,False,False,False,False,False,False,False,False,False,False
269,2018-Es-03208,True,False,False,False,False,False,False,False,False,False,False
270,2018-Es-01218,False,False,False,False,True,False,False,False,False,False,False
271,2018-Es-01095,False,False,False,False,False,False,False,False,False,False,False
272,2018-Es-06127,False,False,False,False,False,False,False,False,False,False,False
273,2018-Es-01764,False,False,False,False,True,False,False,False,False,False,False
274,2018-Es-04872,False,False,False,False,False,False,False,False,False,False,False
275,2018-Es-06820,False,True,False,False,False,False,False,True,True,False,False
276,2018-Es-04718,False,False,False,False,False,False,False,False,False,False,False
277,2018-Es-06904,False,False,False,False,False,False,False,False,False,False,False
278,2018-Es-05428,False,False,False,False,True,True,False,False,False,False,False
279,2018-Es-06258,False,False,False,False,False,False,False,False,False,False,False
280,2018-Es-01720,False,False,False,False,False,False,False,False,False,False,False
281,2018-Es-00781,False,False,False,False,True,False,False,False,False,False,False
282,2018-Es-05820,True,False,False,False,False,False,False,False,False,False,False
283,2018-Es-01648,True,False,False,False,False,False,False,False,False,False,False
284,2018-Es-05511,False,False,False,False,True,False,False,False,False,False,False
285,2018-Es-03481,False,False,True,False,False,False,False,False,True,False,False
286,2018-Es-01956,False,False,False,False,True,False,False,False,False,False,False
287,2018-Es-02067,True,False,False,False,True,False,False,False,False,False,False
288,2018-Es-03360,False,False,False,False,True,False,False,False,False,False,False
289,2018-Es-00697,True,False,True,False,False,False,False,False,False,False,False
290,2018-Es-05798,True,False,False,False,False,False,False,False,False,False,False
291,2018-Es-05250,False,False,False,False,False,False,False,False,False,False,False
292,2018-Es-02187,False,False,False,False,False,False,False,False,False,False,False
293,2018-Es-03544,False,False,False,False,True,False,False,False,True,False,False
294,2018-Es-01460,False,False,False,False,True,False,False,True,True,False,False
295,2018-Es-06288,False,False,False,False,False,True,False,False,False,False,False
296,2018-Es-03942,False,False,False,False,False,False,False,False,False,False,False
297,2018-Es-00648,True,False,False,False,False,False,False,False,False,False,False
298,2018-Es-05802,False,False,False,False,False,False,False,False,False,False,False
299,2018-Es-00072,False,False,False,False,False,False,False,False,False,False,False
300,2018-Es-01966,False,False,False,False,True,False,False,False,False,False,False
301,2018-Es-04450,True,False,False,False,False,False,False,False,False,False,False
302,2018-Es-05389,False,False,False,False,False,False,False,False,False,False,False
303,2018-Es-04414,True,False,False,False,False,False,False,False,False,False,False
304,2018-Es-00763,False,False,False,False,False,False,False,False,False,False,False
305,2018-Es-04784,False,False,False,False,False,False,False,False,False,False,False
306,2018-Es-00608,False,False,False,False,True,False,False,False,False,False,False
307,2018-Es-00829,False,False,False,False,False,False,False,False,False,False,False
308,2018-Es-03951,False,False,False,False,True,False,False,False,False,False,False
309,2018-Es-03080,False,False,False,False,False,False,False,False,False,False,False
310,2018-Es-00352,True,False,False,False,False,False,False,False,False,False,False
311,2018-Es-00465,False,False,False,False,False,False,True,False,False,False,False
312,2018-Es-01854,True,False,False,False,False,False,False,False,False,False,False
313,2018-Es-05936,False,False,False,False,True,False,False,False,False,False,False
314,2018-Es-05827,False,False,False,False,False,False,False,False,True,False,False
315,2018-Es-03008,True,False,True,False,False,False,False,False,False,False,False
316,2018-Es-03432,False,False,False,False,False,False,False,True,True,False,False
317,2018-Es-01842,True,False,False,False,False,False,False,False,False,False,False
318,2018-Es-04129,False,False,False,False,True,False,False,False,False,False,False
319,2018-Es-00262,False,False,False,False,True,False,False,False,True,False,False
320,2018-Es-05601,False,False,False,False,False,False,False,False,False,False,False
321,2018-Es-01308,False,False,False,False,False,False,False,False,False,False,False
322,2018-Es-05918,True,False,False,False,False,False,False,False,False,False,False
323,2018-Es-06237,False,False,False,False,False,False,False,False,False,False,False
324,2018-Es-05705,True,False,True,False,False,False,False,False,False,False,False
325,2018-Es-05887,False,False,False,False,True,False,False,False,False,False,False
326,2018-Es-01672,True,False,False,False,False,False,False,False,False,False,False
327,2018-Es-03335,False,False,False,False,False,False,False,False,False,True,False
328,2018-Es-00361,False,False,False,False,False,False,False,False,False,False,False
329,2018-Es-05132,False,False,False,False,False,False,False,False,False,False,False
330,2018-Es-06797,False,False,False,False,True,True,False,False,False,False,False
331,2018-Es-06808,False,False,False,False,False,False,False,False,False,False,False
332,2018-Es-04811,False,False,False,False,False,False,False,False,False,False,False
333,2018-Es-04128,False,False,False,False,False,False,False,False,False,False,False
334,2018-Es-04430,True,False,False,True,False,False,False,False,False,False,False
335,2018-Es-04992,True,False,False,False,False,False,False,False,False,False,False
336,2018-Es-01137,False,False,False,False,False,False,False,True,True,False,False
337,2018-Es-03179,False,False,False,True,False,False,False,False,False,False,False
338,2018-Es-04447,False,False,False,False,True,False,False,False,False,False,True
339,2018-Es-01856,False,False,False,False,False,False,False,False,False,False,False
340,2018-Es-00723,False,False,False,False,True,False,False,False,False,False,False
341,2018-Es-00074,True,False,True,False,False,False,False,False,False,False,False
342,2018-Es-02180,False,False,False,False,False,False,False,False,False,False,False
343,2018-Es-04918,True,False,False,False,False,True,False,False,False,False,False
344,2018-Es-00192,False,False,False,False,False,False,False,False,False,False,False
345,2018-Es-02274,True,False,False,False,False,False,False,True,False,False,False
346,2018-Es-03627,False,False,False,False,False,False,False,False,False,False,False
347,2018-Es-00201,False,False,False,False,False,False,False,False,False,False,False
348,2018-Es-06792,False,False,False,False,True,False,False,False,False,False,False
349,2018-Es-03986,False,False,False,False,True,False,False,False,False,False,False
350,2018-Es-00920,False,False,False,False,False,False,False,False,False,False,False
351,2018-Es-00812,False,False,False,False,False,False,False,False,False,False,False
352,2018-Es-02856,False,False,False,False,False,False,False,True,True,False,False
353,2018-Es-02141,False,False,False,False,False,False,False,False,False,False,False
354,2018-Es-01038,False,False,False,False,False,False,False,False,False,False,False
355,2018-Es-03334,False,False,False,False,False,False,False,False,False,False,False
356,2018-Es-04499,True,False,False,False,False,False,False,False,False,False,False
357,2018-Es-02777,False,False,False,False,False,False,False,False,False,False,False
358,2018-Es-04006,False,False,False,False,True,False,False,False,False,False,False
359,2018-Es-01828,False,False,False,False,False,False,False,False,False,False,False
360,2018-Es-01342,True,False,False,False,False,False,False,False,False,False,False
361,2018-Es-05035,False,False,False,False,False,False,False,False,True,False,False
362,2018-Es-05715,False,False,False,False,False,False,False,True,False,False,False
363,2018-Es-02001,False,True,False,True,False,False,False,False,False,False,False
364,2018-Es-05005,False,False,False,False,False,False,False,False,False,False,False
365,2018-Es-00766,False,False,False,False,False,False,True,False,False,False,False
366,2018-Es-05029,False,False,False,True,False,False,False,False,False,False,False
367,2018-Es-00202,True,False,False,False,False,False,False,False,False,False,False
368,2018-Es-05443,False,False,False,False,False,False,False,True,False,False,False
369,2018-Es-02115,False,False,False,True,False,False,False,False,False,False,False
370,2018-Es-02973,False,False,False,False,False,False,False,False,False,False,False
371,2018-Es-03418,False,False,False,True,False,False,False,False,False,False,False
372,2018-Es-03542,False,False,True,False,False,False,False,False,False,False,False
373,2018-Es-00744,False,False,False,False,False,False,False,False,False,False,False
374,2018-Es-01036,True,False,False,False,False,False,False,False,False,False,False
375,2018-Es-01985,False,False,False,False,False,False,False,False,False,False,False
376,2018-Es-02749,False,False,False,False,False,False,False,False,False,False,False
377,2018-Es-02290,False,True,False,False,False,False,False,False,False,False,False
378,2018-Es-05964,False,False,False,False,False,False,False,False,False,False,False
379,2018-Es-04367,False,False,False,False,True,True,False,False,False,False,False
380,2018-Es-04463,False,False,False,False,False,False,False,False,True,False,False
381,2018-Es-01195,False,False,False,False,True,False,False,False,False,False,False
382,2018-Es-01829,True,False,True,False,False,False,False,False,False,False,False
383,2018-Es-06455,False,False,False,False,False,False,False,False,False,False,False
384,2018-Es-06226,False,False,False,False,False,False,False,False,False,False,False
385,2018-Es-06090,True,False,False,False,False,False,False,False,False,False,False
386,2018-Es-06611,False,False,False,True,False,False,False,False,False,False,False
387,2018-Es-00971,False,False,False,False,False,False,False,False,False,False,False
388,2018-Es-00726,False,False,True,False,False,False,False,False,True,False,False
389,2018-Es-02636,True,False,False,False,False,False,False,False,False,False,False
390,2018-Es-04541,False,False,False,False,False,False,False,False,False,False,False
391,2018-Es-01694,False,False,False,False,False,False,False,False,False,False,False
392,2018-Es-00791,True,False,False,False,False,False,False,False,False,False,False
393,2018-Es-03903,False,False,False,False,False,False,False,False,False,False,False
394,2018-Es-04486,False,False,False,False,False,False,False,False,True,False,False
395,2018-Es-00293,False,False,False,False,False,False,False,False,False,False,False
396,2018-Es-05718,False,False,False,False,False,False,False,False,False,False,False
397,2018-Es-02091,False,False,False,False,True,False,False,False,False,False,False
398,2018-Es-04022,False,False,False,False,True,False,False,False,False,False,True
399,2018-Es-05313,False,False,False,False,False,False,False,False,False,False,False
400,2018-Es-05316,False,False,False,True,True,False,False,False,False,False,False
401,2018-Es-02438,False,False,False,False,True,False,False,False,False,False,False
402,2018-Es-01986,False,False,False,False,False,False,False,False,False,False,False
403,2018-Es-03977,False,False,False,False,False,False,False,False,False,False,False
404,2018-Es-03347,True,False,False,False,False,False,False,False,False,False,False
405,2018-Es-02637,False,False,False,False,False,False,False,False,False,False,False
406,2018-Es-01932,False,False,False,False,True,False,False,True,True,False,False
407,2018-Es-04211,False,False,False,False,False,True,False,False,False,False,False
408,2018-Es-06268,False,False,False,False,False,False,False,False,False,False,False
409,2018-Es-04570,False,False,False,True,False,False,False,False,False,False,False
410,2018-Es-06551,False,False,False,True,False,False,False,False,False,False,False
411,2018-Es-04099,False,False,False,False,False,False,False,False,False,False,False
412,2018-Es-06129,False,False,False,False,True,True,False,False,False,False,False
413,2018-Es-02666,False,False,False,False,False,False,False,False,False,False,False
414,2018-Es-06528,True,False,False,False,False,False,False,False,False,False,False
415,2018-Es-06519,True,False,False,False,False,False,False,False,False,False,False
416,2018-Es-03069,True,False,False,False,False,False,False,False,False,False,False
417,2018-Es-00957,False,False,False,False,False,False,False,False,True,False,False
418,2018-Es-06837,False,False,False,False,False,False,False,False,False,False,False
419,2018-Es-00256,False,False,True,False,True,False,False,False,False,False,False
420,2018-Es-01228,False,False,False,False,False,False,True,False,False,False,False
421,2018-Es-00118,False,False,False,False,False,False,False,False,False,False,False
422,2018-Es-04505,False,False,False,False,False,False,False,True,True,False,False
423,2018-Es-02827,True,False,False,False,False,False,False,False,False,False,False
424,2018-Es-02328,False,False,False,False,True,False,False,False,False,False,False
425,2018-Es-06085,False,False,False,False,False,False,False,False,True,False,False
426,2018-Es-01108,False,False,False,False,False,False,False,False,False,True,False
427,2018-Es-05672,True,False,False,False,False,False,False,False,False,False,False
428,2018-Es-02398,True,False,False,False,False,False,False,True,False,False,False
429,2018-Es-01711,False,False,False,False,False,False,False,False,True,False,False
430,2018-Es-00570,True,False,False,False,False,False,False,True,True,False,False
431,2018-Es-03507,False,False,False,False,False,False,False,False,True,False,False
432,2018-Es-06139,True,False,False,False,False,False,False,False,False,False,False
433,2018-Es-05968,True,False,False,False,False,False,False,False,False,False,False
434,2018-Es-06583,False,False,False,False,True,False,False,False,False,False,False
435,2018-Es-01451,True,False,False,False,False,False,False,False,True,False,False
436,2018-Es-01025,True,False,False,False,True,False,False,False,False,False,False
437,2018-Es-01230,False,False,False,False,False,False,False,False,False,False,False
438,2018-Es-05645,False,False,False,False,False,False,False,False,False,False,False
439,2018-Es-04899,False,False,False,False,True,False,False,False,False,False,False
440,2018-Es-04825,True,False,False,False,False,False,False,False,False,False,False
441,2018-Es-01620,False,False,False,False,False,False,False,False,True,False,False
442,2018-Es-01563,False,False,False,False,False,False,False,False,True,False,False
443,2018-Es-03098,False,False,False,False,False,False,False,False,False,False,False
444,2018-Es-05362,False,False,False,False,True,False,False,False,False,False,False
445,2018-Es-02614,False,False,False,False,False,False,True,False,False,False,False
446,2018-Es-03006,False,False,False,False,True,False,False,False,False,False,False
447,2018-Es-03618,True,False,False,False,False,False,False,False,False,False,False
448,2018-Es-02362,False,False,True,False,False,False,False,False,False,False,False
449,2018-Es-04519,False,False,False,False,False,False,False,False,False,False,False
450,2018-Es-03816,False,False,False,True,False,False,False,False,False,False,False
451,2018-Es-03946,False,False,False,False,False,False,False,False,False,False,False
452,2018-Es-02063,True,False,False,False,True,False,False,False,False,False,False
453,2018-Es-06537,False,False,False,False,False,False,False,False,False,False,False
454,2018-Es-02391,False,False,False,False,True,False,False,False,True,False,False
455,2018-Es-02045,False,False,False,False,False,False,False,False,True,False,False
456,2018-Es-06483,False,False,False,False,False,False,False,True,True,False,False
457,2018-Es-05545,False,False,False,False,False,False,False,False,False,False,False
458,2018-Es-01836,False,False,False,False,False,False,False,False,False,False,False
459,2018-Es-06616,False,False,False,False,False,False,False,False,False,False,False
460,2018-Es-05215,True,False,False,False,True,False,False,False,False,False,False
461,2018-Es-06869,False,False,False,False,True,False,False,False,False,False,False
462,2018-Es-05637,False,False,False,False,False,False,False,False,False,False,False
463,2018-Es-00372,False,False,False,False,True,True,False,False,False,False,False
464,2018-Es-03825,True,False,True,False,False,False,False,False,False,False,False
465,2018-Es-01412,True,False,True,False,False,False,False,True,False,False,False
466,2018-Es-04564,False,False,False,False,False,False,False,False,False,False,False
467,2018-Es-06344,False,False,False,False,False,False,False,False,False,False,False
468,2018-Es-06580,False,True,False,True,False,False,False,False,False,False,False
469,2018-Es-04355,False,False,False,False,True,True,False,False,False,False,False
470,2018-Es-01344,False,False,False,False,False,False,False,False,False,False,False
471,2018-Es-02339,False,False,False,False,False,False,False,False,False,False,False
472,2018-Es-03200,False,False,False,True,False,False,False,False,True,False,False
473,2018-Es-02181,False,False,False,False,True,True,False,False,False,False,False
474,2018-Es-06067,False,False,False,False,False,False,False,False,False,False,False
475,2018-Es-03833,False,False,False,False,False,False,False,False,False,False,False
476,2018-Es-04134,False,False,False,False,True,False,False,False,False,False,False
477,2018-Es-01280,False,False,False,False,False,False,False,False,False,False,False
478,2018-Es-06697,False,False,False,False,False,False,False,False,False,False,False
479,2018-Es-05262,True,False,False,False,False,False,False,False,False,False,False
480,2018-Es-04088,False,False,False,False,False,False,False,False,False,False,False
481,2018-Es-02865,False,False,False,True,False,False,False,False,False,False,False
482,2018-Es-05320,False,False,False,False,False,False,True,False,False,False,False
483,2018-Es-03765,True,False,False,False,False,False,False,False,False,False,False
484,2018-Es-05878,False,False,False,False,False,False,False,False,False,False,False
485,2018-Es-00578,False,False,False,False,True,False,False,False,False,False,False
486,2018-Es-02373,False,False,False,False,False,False,False,False,True,False,False
487,2018-Es-04275,False,False,False,False,False,False,False,False,False,False,False
488,2018-Es-02174,True,False,True,False,False,False,False,False,False,False,False
489,2018-Es-02150,False,False,False,False,False,False,False,False,False,False,False
490,2018-Es-02721,False,False,False,False,True,False,False,False,False,False,False
491,2018-Es-06350,False,False,False,False,True,False,False,False,False,False,False
492,2018-Es-02378,False,False,False,True,True,False,False,False,False,False,False
493,2018-Es-00757,False,False,True,False,False,False,False,False,True,False,False
494,2018-Es-04640,False,False,False,False,False,False,False,True,False,False,False
495,2018-Es-00323,False,False,False,False,False,False,False,False,False,False,False
496,2018-Es-02097,False,False,False,False,True,True,False,False,False,False,False
497,2018-Es-05587,True,False,False,False,False,False,False,False,False,False,False
498,2018-Es-01579,False,False,False,False,True,False,False,False,False,False,False
499,2018-Es-02498,False,False,False,False,False,False,False,False,False,False,False
500,2018-Es-04169,False,False,False,False,False,False,False,False,True,False,False
501,2018-Es-03520,False,False,False,False,False,False,False,False,False,False,False
502,2018-Es-01163,False,False,False,False,False,False,False,False,False,False,False
503,2018-Es-01576,True,False,False,False,False,False,False,False,False,False,False
504,2018-Es-00122,False,False,False,False,False,False,False,False,False,False,False
505,2018-Es-00770,False,False,False,False,False,False,False,False,False,False,False
506,2018-Es-05048,False,False,False,False,True,False,False,False,True,False,False
507,2018-Es-02241,False,False,False,False,False,False,False,False,False,False,False
508,2018-Es-00987,True,False,False,False,False,True,False,False,False,False,False
509,2018-Es-04007,False,False,False,False,True,False,False,False,False,False,False
510,2018-Es-01701,False,False,False,False,True,True,False,False,False,False,False
511,2018-Es-03015,True,False,False,False,False,False,False,False,False,False,False
512,2018-Es-03724,False,False,False,False,True,False,False,False,False,False,False
513,2018-Es-05341,False,False,False,False,False,False,False,False,False,False,False
514,2018-Es-00684,False,False,False,False,False,False,False,False,False,False,False
515,2018-Es-03195,True,False,False,False,False,False,False,False,False,False,False
516,2018-Es-04337,True,False,False,False,False,False,False,False,False,False,False
517,2018-Es-02205,False,False,False,False,False,True,False,False,False,False,False
518,2018-Es-04325,False,False,False,True,False,False,False,False,False,False,False
519,2018-Es-03848,False,False,False,False,False,False,False,False,True,False,False
520,2018-Es-02910,False,False,False,False,True,False,False,False,False,False,False
521,2018-Es-06016,False,False,False,False,False,False,False,False,False,False,False
522,2018-Es-06061,False,False,False,False,False,False,False,False,False,False,False
523,2018-Es-03214,True,False,True,True,False,False,False,False,False,False,False
524,2018-Es-01601,False,False,False,False,False,False,False,False,False,False,False
525,2018-Es-06105,True,False,False,False,True,False,False,False,True,False,False
526,2018-Es-02246,False,False,False,False,False,False,False,False,False,False,False
527,2018-Es-00113,True,False,False,False,False,False,False,False,False,False,False
528,2018-Es-02860,False,False,False,False,False,False,False,True,True,False,False
529,2018-Es-00167,False,False,False,False,True,False,False,False,False,False,False
530,2018-Es-02767,False,False,False,False,True,False,False,False,True,False,False
531,2018-Es-04721,False,False,False,False,False,False,False,False,False,False,False
532,2018-Es-03136,False,False,False,False,False,False,False,False,True,False,False
533,2018-Es-01152,False,False,False,False,False,False,False,False,False,False,False
534,2018-Es-01882,False,False,False,False,False,False,False,False,True,False,False
535,2018-Es-03449,True,False,False,False,False,False,False,False,False,False,False
536,2018-Es-03688,False,False,False,False,False,False,False,False,False,False,False
537,2018-Es-03821,False,False,False,False,False,False,False,False,False,False,False
538,2018-Es-00983,False,False,False,False,True,False,False,False,False,False,False
539,2018-Es-05592,False,False,False,False,False,False,False,True,False,False,False
540,2018-Es-06020,False,False,False,False,False,False,False,False,True,False,False
541,2018-Es-04816,False,True,False,False,False,False,False,False,False,False,False
542,2018-Es-00560,False,False,False,False,False,False,False,True,False,False,False
543,2018-Es-05571,True,False,False,False,False,False,False,False,True,False,False
544,2018-Es-01065,False,False,False,False,False,False,False,False,True,False,False
545,2018-Es-02284,False,False,False,False,False,False,False,True,True,False,False
546,2018-Es-06228,False,False,False,False,False,True,False,False,False,False,False
547,2018-Es-00271,False,False,False,False,False,False,False,False,False,False,False
548,2018-Es-01420,False,False,False,False,True,True,False,False,False,False,False
549,2018-Es-00712,False,False,False,False,False,False,False,False,False,False,False
550,2018-Es-04843,False,False,False,False,True,False,False,False,False,False,False
551,2018-Es-05228,False,False,False,False,False,True,False,False,False,False,False
552,2018-Es-05056,True,False,False,False,True,False,False,False,False,False,False
553,2018-Es-04705,False,False,False,False,True,False,False,False,False,False,False
554,2018-Es-06698,False,False,False,False,False,False,False,False,True,False,False
555,2018-Es-03122,False,False,False,False,False,False,False,False,False,False,False
556,2018-Es-00935,False,False,False,False,False,False,False,False,False,False,False
557,2018-Es-04933,False,False,False,False,False,False,False,False,False,False,False
558,2018-Es-02342,True,False,False,False,True,False,False,False,False,False,False
559,2018-Es-04766,False,False,False,False,False,False,False,False,False,False,False
560,2018-Es-04350,True,False,False,False,False,False,False,False,False,False,False
561,2018-Es-05160,False,False,False,False,True,False,False,False,False,False,False
562,2018-Es-02195,False,False,False,False,True,False,False,False,False,False,False
563,2018-Es-02185,False,False,False,False,False,False,False,False,False,False,False
564,2018-Es-01623,False,False,False,False,False,False,False,True,True,False,False
565,2018-Es-01929,False,False,False,False,False,False,False,False,False,False,False
566,2018-Es-01118,False,False,False,False,False,True,False,False,True,False,False
567,2018-Es-05603,False,False,False,False,True,False,True,True,False,False,False
568,2018-Es-03240,False,False,False,False,True,True,False,False,False,False,False
569,2018-Es-04179,False,False,False,False,False,False,False,True,False,False,False
570,2018-Es-03059,False,False,False,False,False,False,False,False,True,False,False
571,2018-Es-03333,False,False,False,False,False,False,False,False,False,False,False
572,2018-Es-05872,False,False,False,False,False,False,False,False,False,False,False
573,2018-Es-01243,False,False,True,False,False,False,False,False,False,False,False
574,2018-Es-02136,False,True,False,False,False,False,False,False,False,False,False
575,2018-Es-02978,False,False,False,False,True,False,False,False,False,False,False
576,2018-Es-04670,False,False,False,True,False,False,False,False,False,False,False
577,2018-Es-02182,True,False,False,False,False,False,False,False,False,False,False
578,2018-Es-00618,False,False,False,False,False,False,False,False,False,False,False
579,2018-Es-04699,True,False,False,False,False,False,False,False,False,False,False
580,2018-Es-03560,False,False,True,False,False,False,False,False,True,False,False
581,2018-Es-05867,False,False,False,False,False,False,False,False,True,False,False
582,2018-Es-05268,True,False,False,False,False,False,False,False,False,False,False
583,2018-Es-02510,False,True,False,True,False,False,False,False,False,False,False
584,2018-Es-03829,False,False,False,False,True,False,False,False,False,False,False
585,2018-Es-00882,False,False,False,False,False,False,False,False,False,False,False
586,2018-Es-03926,False,False,False,True,False,False,False,False,False,False,False
587,2018-Es-04008,False,False,False,False,False,False,False,False,False,False,False
588,2018-Es-06785,False,False,False,False,False,False,False,False,False,False,False
589,2018-Es-00616,True,False,False,False,True,False,False,False,False,False,False
590,2018-Es-02952,False,False,False,True,False,False,False,False,False,False,False
591,2018-Es-01304,False,False,False,True,True,False,False,False,True,False,False
592,2018-Es-01466,True,False,False,False,False,False,False,False,False,False,False
593,2018-Es-06338,False,False,False,False,False,False,False,False,False,False,False
594,2018-Es-00064,True,False,False,False,False,False,False,False,False,False,False
595,2018-Es-05761,True,False,False,True,False,False,False,False,False,False,False
596,2018-Es-02893,False,False,False,True,False,False,False,False,False,False,False
597,2018-Es-04709,False,False,False,False,False,False,False,False,False,False,False
598,2018-Es-04983,False,False,False,False,False,False,False,False,True,False,False
599,2018-Es-06838,False,False,False,False,False,False,False,False,False,False,False
600,2018-Es-02736,False,False,False,False,False,False,False,False,False,False,False
601,2018-Es-01555,False,False,False,False,False,False,False,False,False,False,False
602,2018-Es-00441,False,False,False,False,False,False,False,False,False,False,False
603,2018-Es-06617,True,False,False,False,False,False,False,False,False,False,False
604,2018-Es-06326,False,False,False,True,True,False,False,False,False,False,False
605,2018-Es-04278,False,False,False,False,True,False,False,False,False,False,False
606,2018-Es-01151,False,False,False,False,True,True,False,False,False,False,False
607,2018-Es-02816,False,False,False,False,True,False,False,False,False,False,False
608,2018-Es-02184,False,False,False,False,True,False,False,False,False,False,False
609,2018-Es-06121,False,False,False,False,False,False,False,False,False,False,False
610,2018-Es-05344,False,False,False,False,False,False,False,True,False,False,False
611,2018-Es-06926,False,False,False,True,False,False,False,False,False,False,False
612,2018-Es-01473,False,False,False,False,True,False,False,False,False,False,True
613,2018-Es-01485,False,False,False,False,False,False,False,False,True,False,False
614,2018-Es-00200,False,False,False,True,False,False,False,False,False,False,False
615,2018-Es-01748,False,False,False,False,True,False,False,False,False,False,False
616,2018-Es-05018,False,False,False,False,False,False,False,False,False,False,False
617,2018-Es-06767,False,False,False,False,False,False,False,False,False,False,False
618,2018-Es-01259,False,False,False,False,True,False,False,False,False,False,False
619,2018-Es-04898,False,False,False,False,False,False,False,False,False,False,False
620,2018-Es-03594,True,False,False,False,False,False,False,False,False,False,False
621,2018-Es-01349,False,False,False,False,False,False,False,False,False,False,False
622,2018-Es-06346,False,False,False,False,True,False,False,False,False,False,False
623,2018-Es-06667,False,False,False,False,False,False,False,False,False,False,False
624,2018-Es-00001,False,False,False,False,False,False,False,False,True,False,False
625,2018-Es-03912,False,False,False,False,True,False,False,False,False,False,False
626,2018-Es-05643,True,False,False,False,False,False,False,False,False,False,False
627,2018-Es-05485,True,False,False,False,False,False,False,False,True,False,False
628,2018-Es-01442,False,False,False,False,False,False,True,False,False,False,False
629,2018-Es-03297,False,False,False,False,True,False,False,False,False,False,False
630,2018-Es-03899,False,False,False,False,False,False,False,False,False,False,False
631,2018-Es-05502,False,False,False,False,False,False,False,False,True,False,False
632,2018-Es-04620,False,False,False,False,False,False,False,False,False,False,False
633,2018-Es-02710,False,False,False,False,True,False,False,False,False,False,False
634,2018-Es-04075,False,False,False,False,False,False,False,False,False,False,False
635,2018-Es-01454,True,False,False,False,False,False,False,False,False,False,False
636,2018-Es-04971,False,False,False,True,False,False,False,False,False,False,False
637,2018-Es-05023,True,False,True,False,False,False,False,False,False,False,False
638,2018-Es-03607,True,False,False,False,False,False,False,False,False,False,False
639,2018-Es-04140,False,False,False,False,False,True,False,False,False,False,False
640,2018-Es-02040,True,False,False,False,False,False,False,False,False,False,False
641,2018-Es-03153,True,False,True,False,False,False,False,False,True,False,False
642,2018-Es-03808,False,False,False,False,False,False,False,True,False,False,False
643,2018-Es-02770,False,False,False,False,False,False,False,False,False,False,False
644,2018-Es-06029,False,False,False,False,False,False,False,False,True,False,False
645,2018-Es-04068,False,False,False,False,True,False,False,False,False,False,False
646,2018-Es-00807,False,False,False,False,False,False,False,False,False,False,False
647,2018-Es-01658,False,False,False,False,True,False,False,False,False,False,False
648,2018-Es-02685,True,False,True,False,False,False,False,True,False,False,False
649,2018-Es-06696,False,False,False,False,False,False,False,False,False,False,False
650,2018-Es-01787,False,False,False,False,True,False,False,False,False,False,False
651,2018-Es-02052,False,False,True,False,False,False,False,False,True,False,False
652,2018-Es-01646,True,False,False,False,False,False,False,False,False,False,False
653,2018-Es-03425,True,False,False,False,False,False,False,False,False,False,False
654,2018-Es-06347,False,False,False,True,False,False,False,False,False,False,False
655,2018-Es-01197,False,False,False,False,False,False,False,False,False,False,False
656,2018-Es-02892,False,False,False,False,True,True,False,False,False,False,False
657,2018-Es-02812,False,False,False,False,False,False,False,False,False,False,False
658,2018-Es-00468,False,False,False,False,False,False,False,False,False,False,False
659,2018-Es-04091,True,False,False,False,False,False,False,False,False,False,False
660,2018-Es-00430,False,False,False,True,False,False,False,False,False,False,False
661,2018-Es-05188,False,False,False,False,False,False,False,False,False,False,False
662,2018-Es-05422,False,False,False,False,False,False,False,False,False,False,False
663,2018-Es-00275,True,False,True,False,False,False,False,False,False,False,False
664,2018-Es-05134,False,False,False,False,False,False,False,False,False,False,False
665,2018-Es-03483,True,False,False,False,False,False,False,False,False,False,False
666,2018-Es-02135,False,False,False,False,False,False,False,False,True,False,False
667,2018-Es-03092,False,False,False,False,False,False,False,False,False,False,False
668,2018-Es-01611,False,False,False,False,False,False,False,False,True,False,False
669,2018-Es-03719,False,False,False,False,False,False,False,False,True,False,False
670,2018-Es-04286,False,False,False,False,True,False,False,False,False,False,False
671,2018-Es-04744,True,True,False,False,False,False,False,False,False,False,False
672,2018-Es-04032,False,False,False,False,False,False,False,False,False,False,False
673,2018-Es-05563,False,False,False,False,True,False,False,False,True,False,False
674,2018-Es-03601,False,False,False,False,False,False,False,False,False,False,False
675,2018-Es-03517,False,False,False,True,False,False,False,False,False,False,False
676,2018-Es-03843,False,False,False,False,True,False,False,False,False,False,False
677,2018-Es-04760,False,False,False,True,False,False,False,False,False,False,False
678,2018-Es-05325,False,False,False,False,False,False,False,False,False,False,False
